{
  "cp":{
    "matrix": {
      "rows": 3,
      "cols": 3,
      "data":[
        469.333333333,
        0,
        0,
        0,
        353.571428571, 
        0,
        320,
        180,
        1
      ]
    }
  }
}