{
    "": [
        {
            "vec3d": {
                "rows": 3,
                "cols": 1,
                "data": [
                    0.7926392412723295,
                    -0.9305660486939255,
                    -0.5993484642448277
                ]
            },
            "arr": {
                "rows": 1,
                "cols": 3,
                "data": [
                    48,
                    28,
                    20
                ]
            },
            "mat": {
                "rows": 5,
                "cols": 3,
                "data": [
                    0.8025437880614275,
                    0.03114793711741015,
                    0.05275579452463908,
                    -0.33446834364406466,
                    0.3463982528000493,
                    0.3356784404159896,
                    0.880619311654748,
                    -0.8626559903389053,
                    -0.47294126772541569,
                    -0.7969013778172502,
                    -0.886472660861654,
                    -0.8108446379192589,
                    0.7392931649844385,
                    0.3095825609474798,
                    -0.8679265564757187
                ]
            }
        },
        {
            "vec3d": {
                "rows": 3,
                "cols": 1,
                "data": [
                    0.46685014028869778,
                    -0.32454435816040086,
                    0.9427419688795267
                ]
            },
            "arr": {
                "rows": 1,
                "cols": 3,
                "data": [
                    44,
                    37,
                    93
                ]
            },
            "mat": {
                "rows": 5,
                "cols": 3,
                "data": [
                    -0.9485441688154066,
                    -0.4016871753942888,
                    0.430908369556531,
                    -0.8478086989053389,
                    0.38398232898431186,
                    0.09916547609596682,
                    0.5564033277382099,
                    -0.7211507348280117,
                    -0.31223037653730648,
                    0.12417611446432675,
                    -0.40766951791101938,
                    -0.1334148698777048,
                    -0.09184855604415954,
                    -0.7167777679837925,
                    -0.504055806732665
                ]
            }
        }
    ]
}